{"V1": {"lower_bound": -8.70904755175, "upper_bound": 6.859518640249999}, "V2": {"lower_bound": -4.623858081875, "upper_bound": 7.232783829125001}, "V3": {"lower_bound": -12.964925395249999, "upper_bound": 8.40472461275}, "V4": {"lower_bound": -6.506565625375001, "upper_bound": 10.581465545625}, "V5": {"lower_bound": -5.102310091, "upper_bound": 3.7860115549999995}, "V6": {"lower_bound": -3.98234761525, "upper_bound": 2.38345673075}, "V7": {"lower_bound": -7.941388480750001, "upper_bound": 5.231485993250001}, "V9": {"lower_bound": -5.9680989905, "upper_bound": 3.9948703715000002}, "V10": {"lower_bound": -11.15445422475, "upper_bound": 6.68618358125}, "V11": {"lower_bound": -5.820271539125, "upper_bound": 9.130891045875}, "V12": {"lower_bound": -13.822209981125003, "upper_bound": 8.549716627875002}, "V14": {"lower_bound": -16.692953974375, "upper_bound": 10.256305072625}, "V16": {"lower_bound": -8.651934287749999, "upper_bound": 5.61593387425}, "V17": {"lower_bound": -13.221270359125, "upper_bound": 8.288898615875}, "V18": {"lower_bound": -4.763292606749999, "upper_bound": 3.47931072925}, "V19": {"lower_bound": -2.580883704375, "upper_bound": 3.119085330625}, "V20": {"lower_bound": -1.11087613025, "upper_bound": 1.3381791897500002}, "Class": {"lower_bound": -1.5, "upper_bound": 2.5}}